{
"lengthUnit": "mil",
"remark": [],
"components": {
	"fields": ["COMPONENT_NO", "COMPONENT_NAME", "LAYER", "X_COORDINATE", "Y_COORDINATE", "ANGLE"],
	"rows": [
		[1, "C1", "T", 290.112, -699.805, 180],
		[2, "H2", "T", 304.999, -863.861, 0],
		[3, "U1", "T", 510, -695, 0],
		[4, "PAD1", "T", 262.552, -699.805, 0],
		[5, "PAD2", "T", 317.672, -699.805, 0],
		[6, "PAD3", "T", 447.987, -747.36, 0],
		[7, "PAD4", "T", 489.327, -747.36, 0],
		[8, "PAD5", "T", 530.667, -747.36, 0],
		[9, "PAD6", "T", 572.007, -747.36, 0],
		[10, "PAD7", "T", 572.007, -642.64, 0],
		[11, "PAD8", "T", 530.667, -642.64, 0],
		[12, "PAD9", "T", 489.327, -642.64, 0],
		[13, "PAD10", "T", 447.987, -642.64, 0],
		[14, "PAD11", "T", 572.007, -668.84, 0],
		[15, "PAD12", "T", 572.007, -721.05, 0],
		[16, "PAD13", "T", 454.999, -863.861, 0],
		[17, "PAD13", "B", 454.999, -863.861, 0],
		[18, "PAD14", "T", 354.999, -863.861, 0],
		[19, "PAD14", "B", 354.999, -863.861, 0],
		[20, "PAD15", "T", 254.999, -863.861, 0],
		[21, "PAD15", "B", 254.999, -863.861, 0],
		[22, "PAD16", "T", 154.999, -863.861, 0],
		[23, "PAD16", "B", 154.999, -863.861, 0],
		[24, "PAD17", "T", 54.999, -863.861, 0],
		[25, "PAD17", "B", 54.999, -863.861, 0]
	]
},
"pins": {
	"fields": ["PIN_NO", "PIN_NAME", "PIN_X", "PIN_Y", "LAYER", "PIN_TYPE", "NET_NAME", "NET_TYPE", "PAD_SHAPE", "PAD_SIZEX", "PAD_SIZEY", "HOLE_SIZE", "HOLE_LEN", "PAD_ANGLE"],
	"rows": [
		[1, "C1_1", 317.672, -699.805, "T", "SMD", "3.3V", "", "R", 31.496, 35.433, 0, 0, 180],
		[2, "C1_2", 262.552, -699.805, "T", "SMD", "GND", "GND", "R", 31.496, 35.433, 0, 0, 180],
		[3, "H2_1", 54.999, -863.861, "T", "DIP", "GND", "GND", "R", 70.866, 70.866, 47.244, 47.244, 0],
		[4, "H2_1", 54.999, -863.861, "B", "DIP", "GND", "GND", "R", 70.866, 70.866, 47.244, 47.244, 0],
		[5, "H2_2", 154.999, -863.861, "T", "DIP", "3.3V", "", "C", 70.866, 70.866, 47.244, 47.244, 0],
		[6, "H2_2", 154.999, -863.861, "B", "DIP", "3.3V", "", "C", 70.866, 70.866, 47.244, 47.244, 0],
		[7, "H2_3", 254.999, -863.861, "T", "DIP", "GPIO14", "", "C", 70.866, 70.866, 47.244, 47.244, 0],
		[8, "H2_3", 254.999, -863.861, "B", "DIP", "GPIO14", "", "C", 70.866, 70.866, 47.244, 47.244, 0],
		[9, "H2_4", 354.999, -863.861, "T", "DIP", "GPIO32", "", "C", 70.866, 70.866, 47.244, 47.244, 0],
		[10, "H2_4", 354.999, -863.861, "B", "DIP", "GPIO32", "", "C", 70.866, 70.866, 47.244, 47.244, 0],
		[11, "H2_5", 454.999, -863.861, "T", "DIP", "GPIO15", "", "C", 70.866, 70.866, 47.244, 47.244, 0],
		[12, "H2_5", 454.999, -863.861, "B", "DIP", "GPIO15", "", "C", 70.866, 70.866, 47.244, 47.244, 0],
		[13, "H2_6", 554.999, -863.861, "T", "DIP", "NET_1", "", "C", 70.866, 70.866, 47.244, 47.244, 0],
		[14, "H2_6", 554.999, -863.861, "B", "DIP", "NET_1", "", "C", 70.866, 70.866, 47.244, 47.244, 0],
		[15, "U1_1", 447.987, -747.36, "T", "SMD", "GPIO14", "", "R", 15.748, 23.622, 0, 0, 0],
		[16, "U1_2", 489.327, -747.36, "T", "SMD", "GPIO32", "", "R", 15.748, 23.622, 0, 0, 0],
		[17, "U1_3", 530.667, -747.36, "T", "SMD", "GPIO15", "", "R", 15.748, 23.622, 0, 0, 0],
		[18, "U1_4", 572.007, -747.36, "T", "SMD", "GND", "GND", "R", 15.748, 23.622, 0, 0, 0],
		[19, "U1_5", 572.007, -668.84, "T", "SMD", "GND", "GND", "P", 64.016, 37.904, 0, 0, 0],
		[20, "U1_5", 572.007, -721.05, "T", "SMD", "GND", "GND", "P", 64.014, 38.032, 0, 0, 0],
		[21, "U1_6", 572.007, -642.64, "T", "SMD", "GND", "GND", "R", 15.748, 23.622, 0, 0, 0],
		[22, "U1_7", 530.667, -642.64, "T", "SMD", "3.3V", "", "R", 15.748, 23.622, 0, 0, 0],
		[23, "U1_8", 489.327, -642.64, "T", "SMD", "3.3V", "", "R", 15.748, 23.622, 0, 0, 0],
		[24, "U1_9", 447.987, -642.64, "T", "SMD", "GND", "GND", "R", 15.748, 23.622, 0, 0, 0],
		[25, "PAD1_2", 262.552, -699.805, "T", "SMD", "GND", "GND", "R", 31.496, 35.433, 0, 0, 180],
		[26, "PAD2_1", 317.672, -699.805, "T", "SMD", "3.3V", "", "R", 31.496, 35.433, 0, 0, 180],
		[27, "PAD3_1", 447.987, -747.36, "T", "SMD", "GPIO14", "", "R", 15.748, 23.622, 0, 0, 0],
		[28, "PAD4_2", 489.327, -747.36, "T", "SMD", "GPIO32", "", "R", 15.748, 23.622, 0, 0, 0],
		[29, "PAD5_3", 530.667, -747.36, "T", "SMD", "GPIO15", "", "R", 15.748, 23.622, 0, 0, 0],
		[30, "PAD6_4", 572.007, -747.36, "T", "SMD", "GND", "GND", "R", 15.748, 23.622, 0, 0, 0],
		[31, "PAD7_6", 572.007, -642.64, "T", "SMD", "GND", "GND", "R", 15.748, 23.622, 0, 0, 0],
		[32, "PAD8_7", 530.667, -642.64, "T", "SMD", "3.3V", "", "R", 15.748, 23.622, 0, 0, 0],
		[33, "PAD9_8", 489.327, -642.64, "T", "SMD", "3.3V", "", "R", 15.748, 23.622, 0, 0, 0],
		[34, "PAD10_9", 447.987, -642.64, "T", "SMD", "GND", "GND", "R", 15.748, 23.622, 0, 0, 0],
		[35, "PAD11_5", 572.007, -668.84, "T", "SMD", "GND", "GND", "P", 64.016, 37.904, 0, 0, 0],
		[36, "PAD12_5", 572.007, -721.05, "T", "SMD", "GND", "GND", "P", 64.014, 38.032, 0, 0, 0],
		[37, "PAD13_5", 454.999, -863.861, "T", "DIP", "GPIO15", "", "C", 70.866, 70.866, 47.244, 47.244, 0],
		[38, "PAD13_5", 454.999, -863.861, "B", "DIP", "GPIO15", "", "C", 70.866, 70.866, 47.244, 47.244, 0],
		[39, "PAD14_4", 354.999, -863.861, "T", "DIP", "GPIO32", "", "C", 70.866, 70.866, 47.244, 47.244, 0],
		[40, "PAD14_4", 354.999, -863.861, "B", "DIP", "GPIO32", "", "C", 70.866, 70.866, 47.244, 47.244, 0],
		[41, "PAD15_3", 254.999, -863.861, "T", "DIP", "GPIO14", "", "C", 70.866, 70.866, 47.244, 47.244, 0],
		[42, "PAD15_3", 254.999, -863.861, "B", "DIP", "GPIO14", "", "C", 70.866, 70.866, 47.244, 47.244, 0],
		[43, "PAD16_2", 154.999, -863.861, "T", "DIP", "3.3V", "", "C", 70.866, 70.866, 47.244, 47.244, 0],
		[44, "PAD16_2", 154.999, -863.861, "B", "DIP", "3.3V", "", "C", 70.866, 70.866, 47.244, 47.244, 0],
		[45, "PAD17_1", 54.999, -863.861, "T", "DIP", "GND", "GND", "R", 70.866, 70.866, 47.244, 47.244, 0],
		[46, "PAD17_1", 54.999, -863.861, "B", "DIP", "GND", "GND", "R", 70.866, 70.866, 47.244, 47.244, 0]
	]
}
}