{
"lengthUnit": "mil",
"remark": [],
"components": {
	"fields": ["COMPONENT_NO", "COMPONENT_NAME", "LAYER", "X_COORDINATE", "Y_COORDINATE", "ANGLE"],
	"rows": [
		[1, "H1", "T", 20, 445, 90],
		[2, "U1", "T", -35, -150, 270],
		[3, "PAD1", "T", -151.14, -150, 0],
		[4, "PAD2", "T", 16.18, -266.14, 0],
		[5, "PAD3", "T", 81.14, -201.18, 0],
		[6, "PAD4", "T", 81.14, -175.59, 0],
		[7, "PAD5", "T", 81.14, -150, 0],
		[8, "PAD6", "T", 134.173, 345, 0],
		[9, "PAD7", "T", -94.173, 345, 0],
		[10, "PAD8", "T", 134.173, 445, 0],
		[11, "PAD9", "T", -94.173, 445, 0]
	]
},
"pins": {
	"fields": ["PIN_NO", "PIN_NAME", "PIN_X", "PIN_Y", "LAYER", "PIN_TYPE", "NET_NAME", "NET_TYPE", "PAD_SHAPE", "PAD_SIZEX", "PAD_SIZEY", "HOLE_SIZE", "HOLE_LEN", "PAD_ANGLE"],
	"rows": [
		[1, "H1_1", 134.173, 345, "T", "SMD", "GND", "GND", "R", 50, 102.362, 0, 0, 90],
		[2, "H1_2", -94.173, 345, "T", "SMD", "3.3V", "", "R", 50, 102.362, 0, 0, 90],
		[3, "H1_3", 134.173, 445, "T", "SMD", "GPIO21", "", "R", 50, 102.362, 0, 0, 90],
		[4, "H1_4", -94.173, 445, "T", "SMD", "GPIO22", "", "R", 50, 102.362, 0, 0, 90],
		[5, "H1_5", 134.173, 545, "T", "SMD", "NET_1", "", "R", 50, 102.362, 0, 0, 90],
		[6, "H1_6", -94.173, 545, "T", "SMD", "NET_2", "", "R", 50, 102.362, 0, 0, 90],
		[7, "U1_1", 41.77, -33.86, "T", "SMD", "NET_3", "", "O", 43.307, 14.331, 0, 0, 270],
		[8, "U1_2", 16.18, -33.86, "T", "SMD", "NET_4", "", "O", 43.307, 14.331, 0, 0, 270],
		[9, "U1_3", -9.41, -33.86, "T", "SMD", "NET_5", "", "O", 43.307, 14.331, 0, 0, 270],
		[10, "U1_4", -35, -33.86, "T", "SMD", "NET_6", "", "O", 43.307, 14.331, 0, 0, 270],
		[11, "U1_5", -60.59, -33.86, "T", "SMD", "NET_7", "", "O", 43.307, 14.331, 0, 0, 270],
		[12, "U1_6", -86.18, -33.86, "T", "SMD", "NET_8", "", "O", 43.307, 14.331, 0, 0, 270],
		[13, "U1_7", -111.77, -33.86, "T", "SMD", "NET_9", "", "O", 43.307, 14.331, 0, 0, 270],
		[14, "U1_8", -151.14, -73.23, "T", "SMD", "NET_10", "", "O", 14.331, 43.307, 0, 0, 270],
		[15, "U1_9", -151.14, -98.82, "T", "SMD", "NET_11", "", "O", 14.331, 43.307, 0, 0, 270],
		[16, "U1_10", -151.14, -124.41, "T", "SMD", "NET_12", "", "O", 14.331, 43.307, 0, 0, 270],
		[17, "U1_11", -151.14, -150, "T", "SMD", "GND", "GND", "O", 14.331, 43.307, 0, 0, 270],
		[18, "U1_12", -151.14, -175.59, "T", "SMD", "NET_13", "", "O", 14.331, 43.307, 0, 0, 270],
		[19, "U1_13", -151.14, -201.18, "T", "SMD", "NET_14", "", "O", 14.331, 43.307, 0, 0, 270],
		[20, "U1_14", -151.14, -226.77, "T", "SMD", "NET_15", "", "O", 14.331, 43.307, 0, 0, 270],
		[21, "U1_15", -111.77, -266.14, "T", "SMD", "NET_16", "", "O", 43.307, 14.331, 0, 0, 270],
		[22, "U1_16", -86.18, -266.14, "T", "SMD", "NET_17", "", "O", 43.307, 14.331, 0, 0, 270],
		[23, "U1_17", -60.59, -266.14, "T", "SMD", "NET_18", "", "O", 43.307, 14.331, 0, 0, 270],
		[24, "U1_18", -35, -266.14, "T", "SMD", "NET_19", "", "O", 43.307, 14.331, 0, 0, 270],
		[25, "U1_19", -9.41, -266.14, "T", "SMD", "NET_20", "", "O", 43.307, 14.331, 0, 0, 270],
		[26, "U1_20", 16.18, -266.14, "T", "SMD", "GND", "GND", "O", 43.307, 14.331, 0, 0, 270],
		[27, "U1_21", 41.77, -266.14, "T", "SMD", "NET_21", "", "O", 43.307, 14.331, 0, 0, 270],
		[28, "U1_22", 81.14, -226.77, "T", "SMD", "NET_22", "", "O", 14.331, 43.307, 0, 0, 270],
		[29, "U1_23", 81.14, -201.18, "T", "SMD", "GPIO22", "", "O", 14.331, 43.307, 0, 0, 270],
		[30, "U1_24", 81.14, -175.59, "T", "SMD", "GPIO21", "", "O", 14.331, 43.307, 0, 0, 270],
		[31, "U1_25", 81.14, -150, "T", "SMD", "3.3V", "", "O", 14.331, 43.307, 0, 0, 270],
		[32, "U1_26", 81.14, -124.41, "T", "SMD", "NET_23", "", "O", 14.331, 43.307, 0, 0, 270],
		[33, "U1_27", 81.14, -98.82, "T", "SMD", "NET_24", "", "O", 14.331, 43.307, 0, 0, 270],
		[34, "U1_28", 81.14, -73.23, "T", "SMD", "NET_25", "", "O", 14.331, 43.307, 0, 0, 270],
		[35, "U1_29", -35, -150, "T", "SMD", "NET_26", "", "R", 161.417, 161.417, 0, 0, 270],
		[36, "PAD1_11", -151.14, -150, "T", "SMD", "GND", "GND", "O", 14.331, 43.307, 0, 0, 270],
		[37, "PAD2_20", 16.18, -266.14, "T", "SMD", "GND", "GND", "O", 43.307, 14.331, 0, 0, 270],
		[38, "PAD3_23", 81.14, -201.18, "T", "SMD", "GPIO22", "", "O", 14.331, 43.307, 0, 0, 270],
		[39, "PAD4_24", 81.14, -175.59, "T", "SMD", "GPIO21", "", "O", 14.331, 43.307, 0, 0, 270],
		[40, "PAD5_25", 81.14, -150, "T", "SMD", "3.3V", "", "O", 14.331, 43.307, 0, 0, 270],
		[41, "PAD6_1", 134.173, 345, "T", "SMD", "GND", "GND", "R", 50, 102.362, 0, 0, 90],
		[42, "PAD7_2", -94.173, 345, "T", "SMD", "3.3V", "", "R", 50, 102.362, 0, 0, 90],
		[43, "PAD8_3", 134.173, 445, "T", "SMD", "GPIO21", "", "R", 50, 102.362, 0, 0, 90],
		[44, "PAD9_4", -94.173, 445, "T", "SMD", "GPIO22", "", "R", 50, 102.362, 0, 0, 90]
	]
}
}