{
"lengthUnit": "mil",
"remark": [],
"components": {
	"fields": ["COMPONENT_NO", "COMPONENT_NAME", "LAYER", "X_COORDINATE", "Y_COORDINATE", "ANGLE"],
	"rows": [
		[1, "H1", "T", 1436.187, -610.85, 0],
		[2, "H2", "T", 1229, -1335.85, 90],
		[3, "H3", "T", 1425, -1335, 90],
		[4, "Q1", "T", 1439.706, -901.7286, 90],
		[5, "R1", "T", 1259.694, -901.7286, 0],
		[6, "U1", "T", 1915, -1005, 90],
		[7, "PAD1", "T", 1386.187, -610.85, 0],
		[8, "PAD1", "B", 1386.187, -610.85, 0],
		[9, "PAD2", "T", 1486.187, -610.85, 0],
		[10, "PAD2", "B", 1486.187, -610.85, 0],
		[11, "PAD3", "T", 1439.706, -851.7286, 0],
		[12, "PAD3", "B", 1439.706, -851.7286, 0],
		[13, "PAD4", "T", 1439.706, -901.7286, 0],
		[14, "PAD4", "B", 1439.706, -901.7286, 0],
		[15, "PAD5", "T", 1439.706, -951.7286, 0],
		[16, "PAD5", "B", 1439.706, -951.7286, 0],
		[17, "PAD6", "T", 1289.354, -901.7286, 0],
		[18, "PAD7", "T", 1230.034, -901.7286, 0],
		[19, "PAD8", "T", 1765, -1355, 0],
		[20, "PAD8", "B", 1765, -1355, 0],
		[21, "PAD9", "T", 2065, -655, 0],
		[22, "PAD9", "B", 2065, -655, 0],
		[23, "PAD10", "T", 2065, -955, 0],
		[24, "PAD10", "B", 2065, -955, 0],
		[25, "PAD11", "T", 2065, -1355, 0],
		[26, "PAD11", "B", 2065, -1355, 0],
		[27, "PAD12", "T", 1229, -1285.85, 0],
		[28, "PAD12", "B", 1229, -1285.85, 0],
		[29, "PAD13", "T", 1425, -1385, 0],
		[30, "PAD13", "B", 1425, -1385, 0],
		[31, "PAD14", "T", 1425, -1285, 0],
		[32, "PAD14", "B", 1425, -1285, 0]
	]
},
"pins": {
	"fields": ["PIN_NO", "PIN_NAME", "PIN_X", "PIN_Y", "LAYER", "PIN_TYPE", "NET_NAME", "NET_TYPE", "PAD_SHAPE", "PAD_SIZEX", "PAD_SIZEY", "HOLE_SIZE", "HOLE_LEN", "PAD_ANGLE"],
	"rows": [
		[1, "H1_1", 1386.187, -610.85, "T", "DIP", "HUM+", "", "R", 78.74, 78.74, 47.244, 47.244, 0],
		[2, "H1_1", 1386.187, -610.85, "B", "DIP", "HUM+", "", "R", 78.74, 78.74, 47.244, 47.244, 0],
		[3, "H1_2", 1486.187, -610.85, "T", "DIP", "GND", "GND", "C", 78.74, 78.74, 47.244, 47.244, 0],
		[4, "H1_2", 1486.187, -610.85, "B", "DIP", "GND", "GND", "C", 78.74, 78.74, 47.244, 47.244, 0],
		[5, "H2_1", 1229, -1385.85, "T", "DIP", "NET_1", "", "R", 78.74, 78.74, 47.244, 47.244, 90],
		[6, "H2_1", 1229, -1385.85, "B", "DIP", "NET_1", "", "R", 78.74, 78.74, 47.244, 47.244, 90],
		[7, "H2_2", 1229, -1285.85, "T", "DIP", "GPIO23", "", "C", 78.74, 78.74, 47.244, 47.244, 90],
		[8, "H2_2", 1229, -1285.85, "B", "DIP", "GPIO23", "", "C", 78.74, 78.74, 47.244, 47.244, 90],
		[9, "H3_1", 1425, -1385, "T", "DIP", "5V", "", "R", 78.74, 78.74, 47.244, 47.244, 90],
		[10, "H3_1", 1425, -1385, "B", "DIP", "5V", "", "R", 78.74, 78.74, 47.244, 47.244, 90],
		[11, "H3_2", 1425, -1285, "T", "DIP", "GND", "GND", "C", 78.74, 78.74, 47.244, 47.244, 90],
		[12, "H3_2", 1425, -1285, "B", "DIP", "GND", "GND", "C", 78.74, 78.74, 47.244, 47.244, 90],
		[13, "Q1_1", 1439.706, -951.7286, "T", "DIP", "COLLECTOR", "", "R", 35.433, 62.992, 27.56, 27.56, 90],
		[14, "Q1_1", 1439.706, -951.7286, "B", "DIP", "COLLECTOR", "", "R", 35.433, 62.992, 27.56, 27.56, 90],
		[15, "Q1_2", 1439.706, -901.7286, "T", "DIP", "$1N469", "", "O", 35.433, 62.992, 27.56, 27.56, 90],
		[16, "Q1_2", 1439.706, -901.7286, "B", "DIP", "$1N469", "", "O", 35.433, 62.992, 27.56, 27.56, 90],
		[17, "Q1_3", 1439.706, -851.7286, "T", "DIP", "GND", "GND", "O", 35.433, 62.992, 27.56, 27.56, 90],
		[18, "Q1_3", 1439.706, -851.7286, "B", "DIP", "GND", "GND", "O", 35.433, 62.992, 27.56, 27.56, 90],
		[19, "R1_1", 1230.034, -901.7286, "T", "SMD", "GPIO23", "", "R", 31.751, 34.016, 0, 0, 0],
		[20, "R1_2", 1289.354, -901.7286, "T", "SMD", "$1N469", "", "R", 31.751, 34.016, 0, 0, 0],
		[21, "U1_1", 2065, -1355, "T", "DIP", "COLLECTOR", "", "C", 59.842, 59.842, 29.922, 30.122, 270],
		[22, "U1_1", 2065, -1355, "B", "DIP", "COLLECTOR", "", "C", 59.842, 59.842, 29.922, 30.122, 270],
		[23, "U1_2", 2065, -955, "T", "DIP", "5V", "", "C", 78.74, 78.74, 39.37, 39.57, 270],
		[24, "U1_2", 2065, -955, "B", "DIP", "5V", "", "C", 78.74, 78.74, 39.37, 39.57, 270],
		[25, "U1_3", 2065, -655, "T", "DIP", "HUM+", "", "C", 78.74, 78.74, 39.37, 39.57, 270],
		[26, "U1_3", 2065, -655, "B", "DIP", "HUM+", "", "C", 78.74, 78.74, 39.37, 39.57, 270],
		[27, "U1_4", 1765, -755, "T", "DIP", "NET_2", "", "C", 78.74, 78.74, 39.37, 39.57, 270],
		[28, "U1_4", 1765, -755, "B", "DIP", "NET_2", "", "C", 78.74, 78.74, 39.37, 39.57, 270],
		[29, "U1_5", 1765, -1355, "T", "DIP", "5V", "", "C", 59.842, 59.842, 29.922, 30.122, 270],
		[30, "U1_5", 1765, -1355, "B", "DIP", "5V", "", "C", 59.842, 59.842, 29.922, 30.122, 270],
		[31, "PAD1_1", 1386.187, -610.85, "T", "DIP", "HUM+", "", "R", 78.74, 78.74, 47.244, 47.244, 0],
		[32, "PAD1_1", 1386.187, -610.85, "B", "DIP", "HUM+", "", "R", 78.74, 78.74, 47.244, 47.244, 0],
		[33, "PAD2_2", 1486.187, -610.85, "T", "DIP", "GND", "GND", "C", 78.74, 78.74, 47.244, 47.244, 0],
		[34, "PAD2_2", 1486.187, -610.85, "B", "DIP", "GND", "GND", "C", 78.74, 78.74, 47.244, 47.244, 0],
		[35, "PAD3_3", 1439.706, -851.7286, "T", "DIP", "GND", "GND", "O", 35.433, 62.992, 27.56, 27.56, 90],
		[36, "PAD3_3", 1439.706, -851.7286, "B", "DIP", "GND", "GND", "O", 35.433, 62.992, 27.56, 27.56, 90],
		[37, "PAD4_2", 1439.706, -901.7286, "T", "DIP", "$1N469", "", "O", 35.433, 62.992, 27.56, 27.56, 90],
		[38, "PAD4_2", 1439.706, -901.7286, "B", "DIP", "$1N469", "", "O", 35.433, 62.992, 27.56, 27.56, 90],
		[39, "PAD5_1", 1439.706, -951.7286, "T", "DIP", "COLLECTOR", "", "R", 35.433, 62.992, 27.56, 27.56, 90],
		[40, "PAD5_1", 1439.706, -951.7286, "B", "DIP", "COLLECTOR", "", "R", 35.433, 62.992, 27.56, 27.56, 90],
		[41, "PAD6_2", 1289.354, -901.7286, "T", "SMD", "$1N469", "", "R", 31.751, 34.016, 0, 0, 0],
		[42, "PAD7_1", 1230.034, -901.7286, "T", "SMD", "GPIO23", "", "R", 31.751, 34.016, 0, 0, 0],
		[43, "PAD8_5", 1765, -1355, "T", "DIP", "5V", "", "C", 59.842, 59.842, 29.922, 30.122, 270],
		[44, "PAD8_5", 1765, -1355, "B", "DIP", "5V", "", "C", 59.842, 59.842, 29.922, 30.122, 270],
		[45, "PAD9_3", 2065, -655, "T", "DIP", "HUM+", "", "C", 78.74, 78.74, 39.37, 39.57, 270],
		[46, "PAD9_3", 2065, -655, "B", "DIP", "HUM+", "", "C", 78.74, 78.74, 39.37, 39.57, 270],
		[47, "PAD10_2", 2065, -955, "T", "DIP", "5V", "", "C", 78.74, 78.74, 39.37, 39.57, 270],
		[48, "PAD10_2", 2065, -955, "B", "DIP", "5V", "", "C", 78.74, 78.74, 39.37, 39.57, 270],
		[49, "PAD11_1", 2065, -1355, "T", "DIP", "COLLECTOR", "", "C", 59.842, 59.842, 29.922, 30.122, 270],
		[50, "PAD11_1", 2065, -1355, "B", "DIP", "COLLECTOR", "", "C", 59.842, 59.842, 29.922, 30.122, 270],
		[51, "PAD12_2", 1229, -1285.85, "T", "DIP", "GPIO23", "", "C", 78.74, 78.74, 47.244, 47.244, 90],
		[52, "PAD12_2", 1229, -1285.85, "B", "DIP", "GPIO23", "", "C", 78.74, 78.74, 47.244, 47.244, 90],
		[53, "PAD13_1", 1425, -1385, "T", "DIP", "5V", "", "R", 78.74, 78.74, 47.244, 47.244, 90],
		[54, "PAD13_1", 1425, -1385, "B", "DIP", "5V", "", "R", 78.74, 78.74, 47.244, 47.244, 90],
		[55, "PAD14_2", 1425, -1285, "T", "DIP", "GND", "GND", "C", 78.74, 78.74, 47.244, 47.244, 90],
		[56, "PAD14_2", 1425, -1285, "B", "DIP", "GND", "GND", "C", 78.74, 78.74, 47.244, 47.244, 90]
	]
}
}