{
"lengthUnit": "mil",
"remark": [],
"components": {
	"fields": ["COMPONENT_NO", "COMPONENT_NAME", "LAYER", "X_COORDINATE", "Y_COORDINATE", "ANGLE"],
	"rows": [
		[1, "C1", "T", 255, -710, 180],
		[2, "CN1", "T", -330, -135, 180],
		[3, "CN2", "T", -55, -140, 180],
		[4, "H1", "T", 268.1805, -188.11, 0],
		[5, "H2", "T", 425.941, -183.621, 180],
		[6, "U1", "T", 215.6455, -466.4955, 0],
		[7, "PAD1", "T", 243.1805, -188.11, 0],
		[8, "PAD1", "B", 243.1805, -188.11, 0],
		[9, "PAD2", "T", 293.1805, -188.11, 0],
		[10, "PAD2", "B", 293.1805, -188.11, 0],
		[11, "PAD3", "T", 40.6455, -579.5855, 0],
		[12, "PAD4", "T", 90.6455, -579.5855, 0],
		[13, "PAD5", "T", 140.6455, -579.5855, 0],
		[14, "PAD6", "T", 190.6455, -579.5855, 0],
		[15, "PAD7", "T", 240.6455, -579.5855, 0],
		[16, "PAD8", "T", 290.6455, -579.5855, 0],
		[17, "PAD9", "T", 340.6455, -579.5855, 0],
		[18, "PAD10", "T", 390.6455, -579.5855, 0],
		[19, "PAD11", "T", 40.6455, -353.4055, 0],
		[20, "PAD12", "T", 90.6455, -353.4055, 0],
		[21, "PAD13", "T", 140.6455, -353.4055, 0],
		[22, "PAD14", "T", 190.6455, -353.4055, 0],
		[23, "PAD15", "T", 240.6455, -353.4055, 0],
		[24, "PAD16", "T", 290.6455, -353.4055, 0],
		[25, "PAD17", "T", 340.6455, -353.4055, 0],
		[26, "PAD18", "T", 227.44, -710, 0],
		[27, "PAD19", "T", 282.56, -710, 0],
		[28, "PAD20", "T", -290.63, -135, 0],
		[29, "PAD20", "B", -290.63, -135, 0],
		[30, "PAD21", "T", -369.37, -135, 0],
		[31, "PAD21", "B", -369.37, -135, 0],
		[32, "PAD22", "T", -15.63, -140, 0],
		[33, "PAD22", "B", -15.63, -140, 0],
		[34, "PAD23", "T", -94.37, -140, 0],
		[35, "PAD23", "B", -94.37, -140, 0],
		[36, "PAD24", "T", 450.941, -183.621, 0],
		[37, "PAD24", "B", 450.941, -183.621, 0],
		[38, "PAD25", "T", 400.941, -183.621, 0],
		[39, "PAD25", "B", 400.941, -183.621, 0]
	]
},
"pins": {
	"fields": ["PIN_NO", "PIN_NAME", "PIN_X", "PIN_Y", "LAYER", "PIN_TYPE", "NET_NAME", "NET_TYPE", "PAD_SHAPE", "PAD_SIZEX", "PAD_SIZEY", "HOLE_SIZE", "HOLE_LEN", "PAD_ANGLE"],
	"rows": [
		[1, "C1_1", 282.56, -710, "T", "SMD", "$1N368", "", "R", 31.496, 35.433, 0, 0, 180],
		[2, "C1_2", 227.44, -710, "T", "SMD", "GND", "GND", "R", 31.496, 35.433, 0, 0, 180],
		[3, "CN1_1", -290.63, -135, "T", "DIP", "SPK_L-", "", "R", 47.244, 47.244, 27.56, 27.56, 180],
		[4, "CN1_1", -290.63, -135, "B", "DIP", "SPK_L-", "", "R", 47.244, 47.244, 27.56, 27.56, 180],
		[5, "CN1_2", -369.37, -135, "T", "DIP", "SPK_L+", "", "C", 47.244, 47.244, 27.56, 27.56, 180],
		[6, "CN1_2", -369.37, -135, "B", "DIP", "SPK_L+", "", "C", 47.244, 47.244, 27.56, 27.56, 180],
		[7, "CN2_1", -15.63, -140, "T", "DIP", "SPK_R+", "", "R", 47.244, 47.244, 27.56, 27.56, 180],
		[8, "CN2_1", -15.63, -140, "B", "DIP", "SPK_R+", "", "R", 47.244, 47.244, 27.56, 27.56, 180],
		[9, "CN2_2", -94.37, -140, "T", "DIP", "SPK_R-", "", "C", 47.244, 47.244, 27.56, 27.56, 180],
		[10, "CN2_2", -94.37, -140, "B", "DIP", "SPK_R-", "", "C", 47.244, 47.244, 27.56, 27.56, 180],
		[11, "H1_1", 243.1805, -188.11, "T", "DIP", "5V", "", "R", 39.37, 39.37, 29.528, 29.528, 0],
		[12, "H1_1", 243.1805, -188.11, "B", "DIP", "5V", "", "R", 39.37, 39.37, 29.528, 29.528, 0],
		[13, "H1_2", 293.1805, -188.11, "T", "DIP", "GND", "GND", "C", 39.37, 39.37, 29.528, 29.528, 0],
		[14, "H1_2", 293.1805, -188.11, "B", "DIP", "GND", "GND", "C", 39.37, 39.37, 29.528, 29.528, 0],
		[15, "H2_1", 450.941, -183.621, "T", "DIP", "DF_LEFT", "", "R", 39.37, 39.37, 29.528, 29.528, 180],
		[16, "H2_1", 450.941, -183.621, "B", "DIP", "DF_LEFT", "", "R", 39.37, 39.37, 29.528, 29.528, 180],
		[17, "H2_2", 400.941, -183.621, "T", "DIP", "DF_RIGHT", "", "C", 39.37, 39.37, 29.528, 29.528, 180],
		[18, "H2_2", 400.941, -183.621, "B", "DIP", "DF_RIGHT", "", "C", 39.37, 39.37, 29.528, 29.528, 180],
		[19, "U1_1", 40.6455, -579.5855, "T", "SMD", "SPK_L+", "", "O", 22.047, 68.701, 0, 0, 0],
		[20, "U1_2", 90.6455, -579.5855, "T", "SMD", "GND", "GND", "O", 22.047, 68.701, 0, 0, 0],
		[21, "U1_3", 140.6455, -579.5855, "T", "SMD", "SPK_L-", "", "O", 22.047, 68.701, 0, 0, 0],
		[22, "U1_4", 190.6455, -579.5855, "T", "SMD", "5V", "", "O", 22.047, 68.701, 0, 0, 0],
		[23, "U1_5", 240.6455, -579.5855, "T", "SMD", "5V", "", "O", 22.047, 68.701, 0, 0, 0],
		[24, "U1_6", 290.6455, -579.5855, "T", "SMD", "5V", "", "O", 22.047, 68.701, 0, 0, 0],
		[25, "U1_7", 340.6455, -579.5855, "T", "SMD", "DF_LEFT", "", "O", 22.047, 68.701, 0, 0, 0],
		[26, "U1_8", 390.6455, -579.5855, "T", "SMD", "$1N368", "", "O", 22.047, 68.701, 0, 0, 0],
		[27, "U1_9", 390.6455, -353.4055, "T", "SMD", "NET_1", "", "O", 22.047, 68.701, 0, 0, 0],
		[28, "U1_10", 340.6455, -353.4055, "T", "SMD", "DF_RIGHT", "", "O", 22.047, 68.701, 0, 0, 0],
		[29, "U1_11", 290.6455, -353.4055, "T", "SMD", "GND", "GND", "O", 22.047, 68.701, 0, 0, 0],
		[30, "U1_12", 240.6455, -353.4055, "T", "SMD", "5V", "", "O", 22.047, 68.701, 0, 0, 0],
		[31, "U1_13", 190.6455, -353.4055, "T", "SMD", "5V", "", "O", 22.047, 68.701, 0, 0, 0],
		[32, "U1_14", 140.6455, -353.4055, "T", "SMD", "SPK_R-", "", "O", 22.047, 68.701, 0, 0, 0],
		[33, "U1_15", 90.6455, -353.4055, "T", "SMD", "GND", "GND", "O", 22.047, 68.701, 0, 0, 0],
		[34, "U1_16", 40.6455, -353.4055, "T", "SMD", "SPK_R+", "", "O", 22.047, 68.701, 0, 0, 0],
		[35, "PAD1_1", 243.1805, -188.11, "T", "DIP", "5V", "", "R", 39.37, 39.37, 29.528, 29.528, 0],
		[36, "PAD1_1", 243.1805, -188.11, "B", "DIP", "5V", "", "R", 39.37, 39.37, 29.528, 29.528, 0],
		[37, "PAD2_2", 293.1805, -188.11, "T", "DIP", "GND", "GND", "C", 39.37, 39.37, 29.528, 29.528, 0],
		[38, "PAD2_2", 293.1805, -188.11, "B", "DIP", "GND", "GND", "C", 39.37, 39.37, 29.528, 29.528, 0],
		[39, "PAD3_1", 40.6455, -579.5855, "T", "SMD", "SPK_L+", "", "O", 22.047, 68.701, 0, 0, 0],
		[40, "PAD4_2", 90.6455, -579.5855, "T", "SMD", "GND", "GND", "O", 22.047, 68.701, 0, 0, 0],
		[41, "PAD5_3", 140.6455, -579.5855, "T", "SMD", "SPK_L-", "", "O", 22.047, 68.701, 0, 0, 0],
		[42, "PAD6_4", 190.6455, -579.5855, "T", "SMD", "5V", "", "O", 22.047, 68.701, 0, 0, 0],
		[43, "PAD7_5", 240.6455, -579.5855, "T", "SMD", "5V", "", "O", 22.047, 68.701, 0, 0, 0],
		[44, "PAD8_6", 290.6455, -579.5855, "T", "SMD", "5V", "", "O", 22.047, 68.701, 0, 0, 0],
		[45, "PAD9_7", 340.6455, -579.5855, "T", "SMD", "DF_LEFT", "", "O", 22.047, 68.701, 0, 0, 0],
		[46, "PAD10_8", 390.6455, -579.5855, "T", "SMD", "$1N368", "", "O", 22.047, 68.701, 0, 0, 0],
		[47, "PAD11_16", 40.6455, -353.4055, "T", "SMD", "SPK_R+", "", "O", 22.047, 68.701, 0, 0, 0],
		[48, "PAD12_15", 90.6455, -353.4055, "T", "SMD", "GND", "GND", "O", 22.047, 68.701, 0, 0, 0],
		[49, "PAD13_14", 140.6455, -353.4055, "T", "SMD", "SPK_R-", "", "O", 22.047, 68.701, 0, 0, 0],
		[50, "PAD14_13", 190.6455, -353.4055, "T", "SMD", "5V", "", "O", 22.047, 68.701, 0, 0, 0],
		[51, "PAD15_12", 240.6455, -353.4055, "T", "SMD", "5V", "", "O", 22.047, 68.701, 0, 0, 0],
		[52, "PAD16_11", 290.6455, -353.4055, "T", "SMD", "GND", "GND", "O", 22.047, 68.701, 0, 0, 0],
		[53, "PAD17_10", 340.6455, -353.4055, "T", "SMD", "DF_RIGHT", "", "O", 22.047, 68.701, 0, 0, 0],
		[54, "PAD18_2", 227.44, -710, "T", "SMD", "GND", "GND", "R", 31.496, 35.433, 0, 0, 180],
		[55, "PAD19_1", 282.56, -710, "T", "SMD", "$1N368", "", "R", 31.496, 35.433, 0, 0, 180],
		[56, "PAD20_1", -290.63, -135, "T", "DIP", "SPK_L-", "", "R", 47.244, 47.244, 27.56, 27.56, 180],
		[57, "PAD20_1", -290.63, -135, "B", "DIP", "SPK_L-", "", "R", 47.244, 47.244, 27.56, 27.56, 180],
		[58, "PAD21_2", -369.37, -135, "T", "DIP", "SPK_L+", "", "C", 47.244, 47.244, 27.56, 27.56, 180],
		[59, "PAD21_2", -369.37, -135, "B", "DIP", "SPK_L+", "", "C", 47.244, 47.244, 27.56, 27.56, 180],
		[60, "PAD22_1", -15.63, -140, "T", "DIP", "SPK_R+", "", "R", 47.244, 47.244, 27.56, 27.56, 180],
		[61, "PAD22_1", -15.63, -140, "B", "DIP", "SPK_R+", "", "R", 47.244, 47.244, 27.56, 27.56, 180],
		[62, "PAD23_2", -94.37, -140, "T", "DIP", "SPK_R-", "", "C", 47.244, 47.244, 27.56, 27.56, 180],
		[63, "PAD23_2", -94.37, -140, "B", "DIP", "SPK_R-", "", "C", 47.244, 47.244, 27.56, 27.56, 180],
		[64, "PAD24_1", 450.941, -183.621, "T", "DIP", "DF_LEFT", "", "R", 39.37, 39.37, 29.528, 29.528, 180],
		[65, "PAD24_1", 450.941, -183.621, "B", "DIP", "DF_LEFT", "", "R", 39.37, 39.37, 29.528, 29.528, 180],
		[66, "PAD25_2", 400.941, -183.621, "T", "DIP", "DF_RIGHT", "", "C", 39.37, 39.37, 29.528, 29.528, 180],
		[67, "PAD25_2", 400.941, -183.621, "B", "DIP", "DF_RIGHT", "", "C", 39.37, 39.37, 29.528, 29.528, 180]
	]
}
}