{
"lengthUnit": "mil",
"remark": [],
"components": {
	"fields": ["COMPONENT_NO", "COMPONENT_NAME", "LAYER", "X_COORDINATE", "Y_COORDINATE", "ANGLE"],
	"rows": [
		[1, "H1", "T", 1085, -2285, 0],
		[2, "LED1", "T", 1245, 495, 0],
		[3, "U1", "T", 1098.942, -1526.923, 0],
		[4, "PAD1", "T", 985, -2399.173, 0],
		[5, "PAD2", "T", 985, -2170.827, 0],
		[6, "PAD3", "T", 1085, -2399.173, 0],
		[7, "PAD4", "T", 1085, -2170.827, 0],
		[8, "PAD5", "T", 1185, -2399.173, 0],
		[9, "PAD6", "T", 1185, -2170.827, 0],
		[10, "PAD7", "T", 1195, 1395, 0],
		[11, "PAD7", "B", 1195, 1395, 0],
		[12, "PAD8", "T", 995, 1395, 0],
		[13, "PAD8", "B", 995, 1395, 0],
		[14, "PAD9", "T", 1495, -405, 0],
		[15, "PAD9", "B", 1495, -405, 0],
		[16, "PAD10", "T", 1395, -405, 0],
		[17, "PAD10", "B", 1395, -405, 0],
		[18, "PAD11", "T", 895, 1395, 0],
		[19, "PAD11", "B", 895, 1395, 0],
		[20, "PAD12", "T", 1195, -405, 0],
		[21, "PAD12", "B", 1195, -405, 0],
		[22, "PAD13", "T", 1095, 1395, 0],
		[23, "PAD13", "B", 1095, 1395, 0],
		[24, "PAD14", "T", 1395, 1395, 0],
		[25, "PAD14", "B", 1395, 1395, 0],
		[26, "PAD15", "T", 1595, 1395, 0],
		[27, "PAD15", "B", 1595, 1395, 0],
		[28, "PAD16", "T", 1295, -405, 0],
		[29, "PAD16", "B", 1295, -405, 0],
		[30, "PAD17", "T", 1095, -405, 0],
		[31, "PAD17", "B", 1095, -405, 0],
		[32, "PAD18", "T", 1295, 1395, 0],
		[33, "PAD18", "B", 1295, 1395, 0],
		[34, "PAD19", "T", 1595, -405, 0],
		[35, "PAD19", "B", 1595, -405, 0],
		[36, "PAD20", "T", 1495, 1395, 0],
		[37, "PAD20", "B", 1495, 1395, 0],
		[38, "PAD21", "T", 995, -405, 0],
		[39, "PAD21", "B", 995, -405, 0],
		[40, "PAD22", "T", 895, -405, 0],
		[41, "PAD22", "B", 895, -405, 0],
		[42, "PAD23", "T", 548.942, -1676.923, 0],
		[43, "PAD23", "B", 548.942, -1676.923, 0],
		[44, "PAD24", "T", 648.942, -1676.923, 0],
		[45, "PAD24", "B", 648.942, -1676.923, 0],
		[46, "PAD25", "T", 1148.942, -1676.923, 0],
		[47, "PAD25", "B", 1148.942, -1676.923, 0],
		[48, "PAD26", "T", 1248.942, -1676.923, 0],
		[49, "PAD26", "B", 1248.942, -1676.923, 0],
		[50, "PAD27", "T", 748.942, -1676.923, 0],
		[51, "PAD27", "B", 748.942, -1676.923, 0],
		[52, "PAD28", "T", 848.942, -1676.923, 0],
		[53, "PAD28", "B", 848.942, -1676.923, 0],
		[54, "PAD29", "T", 1048.942, -1676.923, 0],
		[55, "PAD29", "B", 1048.942, -1676.923, 0],
		[56, "PAD30", "T", 948.942, -1676.923, 0],
		[57, "PAD30", "B", 948.942, -1676.923, 0],
		[58, "PAD31", "T", 1348.942, -1676.923, 0],
		[59, "PAD31", "B", 1348.942, -1676.923, 0],
		[60, "PAD32", "T", 1448.942, -1676.923, 0],
		[61, "PAD32", "B", 1448.942, -1676.923, 0],
		[62, "PAD33", "T", 1548.942, -1676.923, 0],
		[63, "PAD33", "B", 1548.942, -1676.923, 0],
		[64, "PAD34", "T", 1648.942, -1676.923, 0],
		[65, "PAD34", "B", 1648.942, -1676.923, 0],
		[66, "PAD35", "T", 1648.942, -1376.923, 0],
		[67, "PAD35", "B", 1648.942, -1376.923, 0],
		[68, "PAD36", "T", 1548.942, -1376.923, 0],
		[69, "PAD36", "B", 1548.942, -1376.923, 0],
		[70, "PAD37", "T", 1448.942, -1376.923, 0],
		[71, "PAD37", "B", 1448.942, -1376.923, 0],
		[72, "PAD38", "T", 1348.942, -1376.923, 0],
		[73, "PAD38", "B", 1348.942, -1376.923, 0],
		[74, "PAD39", "T", 1248.942, -1376.923, 0],
		[75, "PAD39", "B", 1248.942, -1376.923, 0],
		[76, "PAD40", "T", 1048.942, -1376.923, 0],
		[77, "PAD40", "B", 1048.942, -1376.923, 0],
		[78, "PAD41", "T", 948.942, -1376.923, 0],
		[79, "PAD41", "B", 948.942, -1376.923, 0],
		[80, "PAD42", "T", 848.942, -1376.923, 0],
		[81, "PAD42", "B", 848.942, -1376.923, 0],
		[82, "PAD43", "T", 748.942, -1376.923, 0],
		[83, "PAD43", "B", 748.942, -1376.923, 0],
		[84, "PAD44", "T", 648.942, -1376.923, 0],
		[85, "PAD44", "B", 648.942, -1376.923, 0]
	]
},
"pins": {
	"fields": ["PIN_NO", "PIN_NAME", "PIN_X", "PIN_Y", "LAYER", "PIN_TYPE", "NET_NAME", "NET_TYPE", "PAD_SHAPE", "PAD_SIZEX", "PAD_SIZEY", "HOLE_SIZE", "HOLE_LEN", "PAD_ANGLE"],
	"rows": [
		[1, "H1_1", 985, -2399.173, "T", "SMD", "GPIO27", "", "R", 50, 102.362, 0, 0, 0],
		[2, "H1_2", 985, -2170.827, "T", "SMD", "GPIO26", "", "R", 50, 102.362, 0, 0, 0],
		[3, "H1_3", 1085, -2399.173, "T", "SMD", "GND", "GND", "R", 50, 102.362, 0, 0, 0],
		[4, "H1_4", 1085, -2170.827, "T", "SMD", "GPIO5", "", "R", 50, 102.362, 0, 0, 0],
		[5, "H1_5", 1185, -2399.173, "T", "SMD", "GND", "GND", "R", 50, 102.362, 0, 0, 0],
		[6, "H1_6", 1185, -2170.827, "T", "SMD", "5V", "", "R", 50, 102.362, 0, 0, 0],
		[7, "LED1_1", 895, -405, "T", "DIP", "PIN1", "", "C", 70.866, 70.866, 47.244, 47.244, 270],
		[8, "LED1_1", 895, -405, "B", "DIP", "PIN1", "", "C", 70.866, 70.866, 47.244, 47.244, 270],
		[9, "LED1_2", 995, -405, "T", "DIP", "PIN2", "", "C", 70.866, 70.866, 47.244, 47.244, 270],
		[10, "LED1_2", 995, -405, "B", "DIP", "PIN2", "", "C", 70.866, 70.866, 47.244, 47.244, 270],
		[11, "LED1_3", 1095, -405, "T", "DIP", "PIN3", "", "C", 70.866, 70.866, 47.244, 47.244, 270],
		[12, "LED1_3", 1095, -405, "B", "DIP", "PIN3", "", "C", 70.866, 70.866, 47.244, 47.244, 270],
		[13, "LED1_4", 1195, -405, "T", "DIP", "PIN4", "", "C", 70.866, 70.866, 47.244, 47.244, 270],
		[14, "LED1_4", 1195, -405, "B", "DIP", "PIN4", "", "C", 70.866, 70.866, 47.244, 47.244, 270],
		[15, "LED1_5", 1295, -405, "T", "DIP", "PIN5", "", "C", 70.866, 70.866, 47.244, 47.244, 270],
		[16, "LED1_5", 1295, -405, "B", "DIP", "PIN5", "", "C", 70.866, 70.866, 47.244, 47.244, 270],
		[17, "LED1_6", 1395, -405, "T", "DIP", "PIN6", "", "C", 70.866, 70.866, 47.244, 47.244, 270],
		[18, "LED1_6", 1395, -405, "B", "DIP", "PIN6", "", "C", 70.866, 70.866, 47.244, 47.244, 270],
		[19, "LED1_7", 1495, -405, "T", "DIP", "PIN7", "", "C", 70.866, 70.866, 47.244, 47.244, 270],
		[20, "LED1_7", 1495, -405, "B", "DIP", "PIN7", "", "C", 70.866, 70.866, 47.244, 47.244, 270],
		[21, "LED1_8", 1595, -405, "T", "DIP", "PIN8", "", "C", 70.866, 70.866, 47.244, 47.244, 270],
		[22, "LED1_8", 1595, -405, "B", "DIP", "PIN8", "", "C", 70.866, 70.866, 47.244, 47.244, 270],
		[23, "LED1_9", 1595, 1395, "T", "DIP", "PIN9", "", "C", 70.866, 70.866, 47.244, 47.244, 270],
		[24, "LED1_9", 1595, 1395, "B", "DIP", "PIN9", "", "C", 70.866, 70.866, 47.244, 47.244, 270],
		[25, "LED1_10", 1495, 1395, "T", "DIP", "PIN10", "", "C", 70.866, 70.866, 47.244, 47.244, 270],
		[26, "LED1_10", 1495, 1395, "B", "DIP", "PIN10", "", "C", 70.866, 70.866, 47.244, 47.244, 270],
		[27, "LED1_11", 1395, 1395, "T", "DIP", "PIN11", "", "C", 70.866, 70.866, 47.244, 47.244, 270],
		[28, "LED1_11", 1395, 1395, "B", "DIP", "PIN11", "", "C", 70.866, 70.866, 47.244, 47.244, 270],
		[29, "LED1_12", 1295, 1395, "T", "DIP", "PIN12", "", "C", 70.866, 70.866, 47.244, 47.244, 270],
		[30, "LED1_12", 1295, 1395, "B", "DIP", "PIN12", "", "C", 70.866, 70.866, 47.244, 47.244, 270],
		[31, "LED1_13", 1195, 1395, "T", "DIP", "PIN13", "", "C", 70.866, 70.866, 47.244, 47.244, 270],
		[32, "LED1_13", 1195, 1395, "B", "DIP", "PIN13", "", "C", 70.866, 70.866, 47.244, 47.244, 270],
		[33, "LED1_14", 1095, 1395, "T", "DIP", "PIN14", "", "C", 70.866, 70.866, 47.244, 47.244, 270],
		[34, "LED1_14", 1095, 1395, "B", "DIP", "PIN14", "", "C", 70.866, 70.866, 47.244, 47.244, 270],
		[35, "LED1_15", 995, 1395, "T", "DIP", "PIN15", "", "C", 70.866, 70.866, 47.244, 47.244, 270],
		[36, "LED1_15", 995, 1395, "B", "DIP", "PIN15", "", "C", 70.866, 70.866, 47.244, 47.244, 270],
		[37, "LED1_16", 895, 1395, "T", "DIP", "PIN16", "", "C", 70.866, 70.866, 47.244, 47.244, 270],
		[38, "LED1_16", 895, 1395, "B", "DIP", "PIN16", "", "C", 70.866, 70.866, 47.244, 47.244, 270],
		[39, "U1_1", 548.942, -1676.923, "T", "DIP", "GPIO27", "", "C", 70.866, 70.866, 47.244, 47.244, 90],
		[40, "U1_1", 548.942, -1676.923, "B", "DIP", "GPIO27", "", "C", 70.866, 70.866, 47.244, 47.244, 90],
		[41, "U1_2", 648.942, -1676.923, "T", "DIP", "PIN9", "", "C", 70.866, 70.866, 47.244, 47.244, 90],
		[42, "U1_2", 648.942, -1676.923, "B", "DIP", "PIN9", "", "C", 70.866, 70.866, 47.244, 47.244, 90],
		[43, "U1_3", 748.942, -1676.923, "T", "DIP", "PIN1", "", "C", 70.866, 70.866, 47.244, 47.244, 90],
		[44, "U1_3", 748.942, -1676.923, "B", "DIP", "PIN1", "", "C", 70.866, 70.866, 47.244, 47.244, 90],
		[45, "U1_4", 848.942, -1676.923, "T", "DIP", "GND", "GND", "C", 70.866, 70.866, 47.244, 47.244, 90],
		[46, "U1_4", 848.942, -1676.923, "B", "DIP", "GND", "GND", "C", 70.866, 70.866, 47.244, 47.244, 90],
		[47, "U1_5", 948.942, -1676.923, "T", "DIP", "PIN2", "", "C", 70.866, 70.866, 47.244, 47.244, 90],
		[48, "U1_5", 948.942, -1676.923, "B", "DIP", "PIN2", "", "C", 70.866, 70.866, 47.244, 47.244, 90],
		[49, "U1_6", 1048.942, -1676.923, "T", "DIP", "PIN8", "", "C", 70.866, 70.866, 47.244, 47.244, 90],
		[50, "U1_6", 1048.942, -1676.923, "B", "DIP", "PIN8", "", "C", 70.866, 70.866, 47.244, 47.244, 90],
		[51, "U1_7", 1148.942, -1676.923, "T", "DIP", "PIN12", "", "C", 70.866, 70.866, 47.244, 47.244, 90],
		[52, "U1_7", 1148.942, -1676.923, "B", "DIP", "PIN12", "", "C", 70.866, 70.866, 47.244, 47.244, 90],
		[53, "U1_8", 1248.942, -1676.923, "T", "DIP", "PIN5", "", "C", 70.866, 70.866, 47.244, 47.244, 90],
		[54, "U1_8", 1248.942, -1676.923, "B", "DIP", "PIN5", "", "C", 70.866, 70.866, 47.244, 47.244, 90],
		[55, "U1_9", 1348.942, -1676.923, "T", "DIP", "GND", "GND", "C", 70.866, 70.866, 47.244, 47.244, 90],
		[56, "U1_9", 1348.942, -1676.923, "B", "DIP", "GND", "GND", "C", 70.866, 70.866, 47.244, 47.244, 90],
		[57, "U1_10", 1448.942, -1676.923, "T", "DIP", "PIN7", "", "C", 70.866, 70.866, 47.244, 47.244, 90],
		[58, "U1_10", 1448.942, -1676.923, "B", "DIP", "PIN7", "", "C", 70.866, 70.866, 47.244, 47.244, 90],
		[59, "U1_11", 1548.942, -1676.923, "T", "DIP", "PIN14", "", "C", 70.866, 70.866, 47.244, 47.244, 90],
		[60, "U1_11", 1548.942, -1676.923, "B", "DIP", "PIN14", "", "C", 70.866, 70.866, 47.244, 47.244, 90],
		[61, "U1_12", 1648.942, -1676.923, "T", "DIP", "GPIO5", "", "C", 70.866, 70.866, 47.244, 47.244, 90],
		[62, "U1_12", 1648.942, -1676.923, "B", "DIP", "GPIO5", "", "C", 70.866, 70.866, 47.244, 47.244, 90],
		[63, "U1_13", 1648.942, -1376.923, "T", "DIP", "GPIO26", "", "C", 70.866, 70.866, 47.244, 47.244, 90],
		[64, "U1_13", 1648.942, -1376.923, "B", "DIP", "GPIO26", "", "C", 70.866, 70.866, 47.244, 47.244, 90],
		[65, "U1_14", 1548.942, -1376.923, "T", "DIP", "PIN13", "", "C", 70.866, 70.866, 47.244, 47.244, 90],
		[66, "U1_14", 1548.942, -1376.923, "B", "DIP", "PIN13", "", "C", 70.866, 70.866, 47.244, 47.244, 90],
		[67, "U1_15", 1448.942, -1376.923, "T", "DIP", "PIN16", "", "C", 70.866, 70.866, 47.244, 47.244, 90],
		[68, "U1_15", 1448.942, -1376.923, "B", "DIP", "PIN16", "", "C", 70.866, 70.866, 47.244, 47.244, 90],
		[69, "U1_16", 1348.942, -1376.923, "T", "DIP", "PIN4", "", "C", 70.866, 70.866, 47.244, 47.244, 90],
		[70, "U1_16", 1348.942, -1376.923, "B", "DIP", "PIN4", "", "C", 70.866, 70.866, 47.244, 47.244, 90],
		[71, "U1_17", 1248.942, -1376.923, "T", "DIP", "PIN3", "", "C", 70.866, 70.866, 47.244, 47.244, 90],
		[72, "U1_17", 1248.942, -1376.923, "B", "DIP", "PIN3", "", "C", 70.866, 70.866, 47.244, 47.244, 90],
		[73, "U1_18", 1148.942, -1376.923, "T", "DIP", "NET_1", "", "C", 70.866, 70.866, 47.244, 47.244, 90],
		[74, "U1_18", 1148.942, -1376.923, "B", "DIP", "NET_1", "", "C", 70.866, 70.866, 47.244, 47.244, 90],
		[75, "U1_19", 1048.942, -1376.923, "T", "DIP", "5V", "", "C", 70.866, 70.866, 47.244, 47.244, 90],
		[76, "U1_19", 1048.942, -1376.923, "B", "DIP", "5V", "", "C", 70.866, 70.866, 47.244, 47.244, 90],
		[77, "U1_20", 948.942, -1376.923, "T", "DIP", "PIN11", "", "C", 70.866, 70.866, 47.244, 47.244, 90],
		[78, "U1_20", 948.942, -1376.923, "B", "DIP", "PIN11", "", "C", 70.866, 70.866, 47.244, 47.244, 90],
		[79, "U1_21", 848.942, -1376.923, "T", "DIP", "PIN6", "", "C", 70.866, 70.866, 47.244, 47.244, 90],
		[80, "U1_21", 848.942, -1376.923, "B", "DIP", "PIN6", "", "C", 70.866, 70.866, 47.244, 47.244, 90],
		[81, "U1_22", 748.942, -1376.923, "T", "DIP", "PIN15", "", "C", 70.866, 70.866, 47.244, 47.244, 90],
		[82, "U1_22", 748.942, -1376.923, "B", "DIP", "PIN15", "", "C", 70.866, 70.866, 47.244, 47.244, 90],
		[83, "U1_23", 648.942, -1376.923, "T", "DIP", "PIN10", "", "C", 70.866, 70.866, 47.244, 47.244, 90],
		[84, "U1_23", 648.942, -1376.923, "B", "DIP", "PIN10", "", "C", 70.866, 70.866, 47.244, 47.244, 90],
		[85, "U1_24", 548.942, -1376.923, "T", "DIP", "NET_2", "", "C", 70.866, 70.866, 47.244, 47.244, 90],
		[86, "U1_24", 548.942, -1376.923, "B", "DIP", "NET_2", "", "C", 70.866, 70.866, 47.244, 47.244, 90],
		[87, "PAD1_1", 985, -2399.173, "T", "SMD", "GPIO27", "", "R", 50, 102.362, 0, 0, 0],
		[88, "PAD2_2", 985, -2170.827, "T", "SMD", "GPIO26", "", "R", 50, 102.362, 0, 0, 0],
		[89, "PAD3_3", 1085, -2399.173, "T", "SMD", "GND", "GND", "R", 50, 102.362, 0, 0, 0],
		[90, "PAD4_4", 1085, -2170.827, "T", "SMD", "GPIO5", "", "R", 50, 102.362, 0, 0, 0],
		[91, "PAD5_5", 1185, -2399.173, "T", "SMD", "GND", "GND", "R", 50, 102.362, 0, 0, 0],
		[92, "PAD6_6", 1185, -2170.827, "T", "SMD", "5V", "", "R", 50, 102.362, 0, 0, 0],
		[93, "PAD7_13", 1195, 1395, "T", "DIP", "PIN13", "", "C", 70.866, 70.866, 47.244, 47.244, 270],
		[94, "PAD7_13", 1195, 1395, "B", "DIP", "PIN13", "", "C", 70.866, 70.866, 47.244, 47.244, 270],
		[95, "PAD8_15", 995, 1395, "T", "DIP", "PIN15", "", "C", 70.866, 70.866, 47.244, 47.244, 270],
		[96, "PAD8_15", 995, 1395, "B", "DIP", "PIN15", "", "C", 70.866, 70.866, 47.244, 47.244, 270],
		[97, "PAD9_7", 1495, -405, "T", "DIP", "PIN7", "", "C", 70.866, 70.866, 47.244, 47.244, 270],
		[98, "PAD9_7", 1495, -405, "B", "DIP", "PIN7", "", "C", 70.866, 70.866, 47.244, 47.244, 270],
		[99, "PAD10_6", 1395, -405, "T", "DIP", "PIN6", "", "C", 70.866, 70.866, 47.244, 47.244, 270],
		[100, "PAD10_6", 1395, -405, "B", "DIP", "PIN6", "", "C", 70.866, 70.866, 47.244, 47.244, 270],
		[101, "PAD11_16", 895, 1395, "T", "DIP", "PIN16", "", "C", 70.866, 70.866, 47.244, 47.244, 270],
		[102, "PAD11_16", 895, 1395, "B", "DIP", "PIN16", "", "C", 70.866, 70.866, 47.244, 47.244, 270],
		[103, "PAD12_4", 1195, -405, "T", "DIP", "PIN4", "", "C", 70.866, 70.866, 47.244, 47.244, 270],
		[104, "PAD12_4", 1195, -405, "B", "DIP", "PIN4", "", "C", 70.866, 70.866, 47.244, 47.244, 270],
		[105, "PAD13_14", 1095, 1395, "T", "DIP", "PIN14", "", "C", 70.866, 70.866, 47.244, 47.244, 270],
		[106, "PAD13_14", 1095, 1395, "B", "DIP", "PIN14", "", "C", 70.866, 70.866, 47.244, 47.244, 270],
		[107, "PAD14_11", 1395, 1395, "T", "DIP", "PIN11", "", "C", 70.866, 70.866, 47.244, 47.244, 270],
		[108, "PAD14_11", 1395, 1395, "B", "DIP", "PIN11", "", "C", 70.866, 70.866, 47.244, 47.244, 270],
		[109, "PAD15_9", 1595, 1395, "T", "DIP", "PIN9", "", "C", 70.866, 70.866, 47.244, 47.244, 270],
		[110, "PAD15_9", 1595, 1395, "B", "DIP", "PIN9", "", "C", 70.866, 70.866, 47.244, 47.244, 270],
		[111, "PAD16_5", 1295, -405, "T", "DIP", "PIN5", "", "C", 70.866, 70.866, 47.244, 47.244, 270],
		[112, "PAD16_5", 1295, -405, "B", "DIP", "PIN5", "", "C", 70.866, 70.866, 47.244, 47.244, 270],
		[113, "PAD17_3", 1095, -405, "T", "DIP", "PIN3", "", "C", 70.866, 70.866, 47.244, 47.244, 270],
		[114, "PAD17_3", 1095, -405, "B", "DIP", "PIN3", "", "C", 70.866, 70.866, 47.244, 47.244, 270],
		[115, "PAD18_12", 1295, 1395, "T", "DIP", "PIN12", "", "C", 70.866, 70.866, 47.244, 47.244, 270],
		[116, "PAD18_12", 1295, 1395, "B", "DIP", "PIN12", "", "C", 70.866, 70.866, 47.244, 47.244, 270],
		[117, "PAD19_8", 1595, -405, "T", "DIP", "PIN8", "", "C", 70.866, 70.866, 47.244, 47.244, 270],
		[118, "PAD19_8", 1595, -405, "B", "DIP", "PIN8", "", "C", 70.866, 70.866, 47.244, 47.244, 270],
		[119, "PAD20_10", 1495, 1395, "T", "DIP", "PIN10", "", "C", 70.866, 70.866, 47.244, 47.244, 270],
		[120, "PAD20_10", 1495, 1395, "B", "DIP", "PIN10", "", "C", 70.866, 70.866, 47.244, 47.244, 270],
		[121, "PAD21_2", 995, -405, "T", "DIP", "PIN2", "", "C", 70.866, 70.866, 47.244, 47.244, 270],
		[122, "PAD21_2", 995, -405, "B", "DIP", "PIN2", "", "C", 70.866, 70.866, 47.244, 47.244, 270],
		[123, "PAD22_1", 895, -405, "T", "DIP", "PIN1", "", "C", 70.866, 70.866, 47.244, 47.244, 270],
		[124, "PAD22_1", 895, -405, "B", "DIP", "PIN1", "", "C", 70.866, 70.866, 47.244, 47.244, 270],
		[125, "PAD23_1", 548.942, -1676.923, "T", "DIP", "GPIO27", "", "C", 70.866, 70.866, 47.244, 47.244, 90],
		[126, "PAD23_1", 548.942, -1676.923, "B", "DIP", "GPIO27", "", "C", 70.866, 70.866, 47.244, 47.244, 90],
		[127, "PAD24_2", 648.942, -1676.923, "T", "DIP", "PIN9", "", "C", 70.866, 70.866, 47.244, 47.244, 90],
		[128, "PAD24_2", 648.942, -1676.923, "B", "DIP", "PIN9", "", "C", 70.866, 70.866, 47.244, 47.244, 90],
		[129, "PAD25_7", 1148.942, -1676.923, "T", "DIP", "PIN12", "", "C", 70.866, 70.866, 47.244, 47.244, 90],
		[130, "PAD25_7", 1148.942, -1676.923, "B", "DIP", "PIN12", "", "C", 70.866, 70.866, 47.244, 47.244, 90],
		[131, "PAD26_8", 1248.942, -1676.923, "T", "DIP", "PIN5", "", "C", 70.866, 70.866, 47.244, 47.244, 90],
		[132, "PAD26_8", 1248.942, -1676.923, "B", "DIP", "PIN5", "", "C", 70.866, 70.866, 47.244, 47.244, 90],
		[133, "PAD27_3", 748.942, -1676.923, "T", "DIP", "PIN1", "", "C", 70.866, 70.866, 47.244, 47.244, 90],
		[134, "PAD27_3", 748.942, -1676.923, "B", "DIP", "PIN1", "", "C", 70.866, 70.866, 47.244, 47.244, 90],
		[135, "PAD28_4", 848.942, -1676.923, "T", "DIP", "GND", "GND", "C", 70.866, 70.866, 47.244, 47.244, 90],
		[136, "PAD28_4", 848.942, -1676.923, "B", "DIP", "GND", "GND", "C", 70.866, 70.866, 47.244, 47.244, 90],
		[137, "PAD29_6", 1048.942, -1676.923, "T", "DIP", "PIN8", "", "C", 70.866, 70.866, 47.244, 47.244, 90],
		[138, "PAD29_6", 1048.942, -1676.923, "B", "DIP", "PIN8", "", "C", 70.866, 70.866, 47.244, 47.244, 90],
		[139, "PAD30_5", 948.942, -1676.923, "T", "DIP", "PIN2", "", "C", 70.866, 70.866, 47.244, 47.244, 90],
		[140, "PAD30_5", 948.942, -1676.923, "B", "DIP", "PIN2", "", "C", 70.866, 70.866, 47.244, 47.244, 90],
		[141, "PAD31_9", 1348.942, -1676.923, "T", "DIP", "GND", "GND", "C", 70.866, 70.866, 47.244, 47.244, 90],
		[142, "PAD31_9", 1348.942, -1676.923, "B", "DIP", "GND", "GND", "C", 70.866, 70.866, 47.244, 47.244, 90],
		[143, "PAD32_10", 1448.942, -1676.923, "T", "DIP", "PIN7", "", "C", 70.866, 70.866, 47.244, 47.244, 90],
		[144, "PAD32_10", 1448.942, -1676.923, "B", "DIP", "PIN7", "", "C", 70.866, 70.866, 47.244, 47.244, 90],
		[145, "PAD33_11", 1548.942, -1676.923, "T", "DIP", "PIN14", "", "C", 70.866, 70.866, 47.244, 47.244, 90],
		[146, "PAD33_11", 1548.942, -1676.923, "B", "DIP", "PIN14", "", "C", 70.866, 70.866, 47.244, 47.244, 90],
		[147, "PAD34_12", 1648.942, -1676.923, "T", "DIP", "GPIO5", "", "C", 70.866, 70.866, 47.244, 47.244, 90],
		[148, "PAD34_12", 1648.942, -1676.923, "B", "DIP", "GPIO5", "", "C", 70.866, 70.866, 47.244, 47.244, 90],
		[149, "PAD35_13", 1648.942, -1376.923, "T", "DIP", "GPIO26", "", "C", 70.866, 70.866, 47.244, 47.244, 90],
		[150, "PAD35_13", 1648.942, -1376.923, "B", "DIP", "GPIO26", "", "C", 70.866, 70.866, 47.244, 47.244, 90],
		[151, "PAD36_14", 1548.942, -1376.923, "T", "DIP", "PIN13", "", "C", 70.866, 70.866, 47.244, 47.244, 90],
		[152, "PAD36_14", 1548.942, -1376.923, "B", "DIP", "PIN13", "", "C", 70.866, 70.866, 47.244, 47.244, 90],
		[153, "PAD37_15", 1448.942, -1376.923, "T", "DIP", "PIN16", "", "C", 70.866, 70.866, 47.244, 47.244, 90],
		[154, "PAD37_15", 1448.942, -1376.923, "B", "DIP", "PIN16", "", "C", 70.866, 70.866, 47.244, 47.244, 90],
		[155, "PAD38_16", 1348.942, -1376.923, "T", "DIP", "PIN4", "", "C", 70.866, 70.866, 47.244, 47.244, 90],
		[156, "PAD38_16", 1348.942, -1376.923, "B", "DIP", "PIN4", "", "C", 70.866, 70.866, 47.244, 47.244, 90],
		[157, "PAD39_17", 1248.942, -1376.923, "T", "DIP", "PIN3", "", "C", 70.866, 70.866, 47.244, 47.244, 90],
		[158, "PAD39_17", 1248.942, -1376.923, "B", "DIP", "PIN3", "", "C", 70.866, 70.866, 47.244, 47.244, 90],
		[159, "PAD40_19", 1048.942, -1376.923, "T", "DIP", "5V", "", "C", 70.866, 70.866, 47.244, 47.244, 90],
		[160, "PAD40_19", 1048.942, -1376.923, "B", "DIP", "5V", "", "C", 70.866, 70.866, 47.244, 47.244, 90],
		[161, "PAD41_20", 948.942, -1376.923, "T", "DIP", "PIN11", "", "C", 70.866, 70.866, 47.244, 47.244, 90],
		[162, "PAD41_20", 948.942, -1376.923, "B", "DIP", "PIN11", "", "C", 70.866, 70.866, 47.244, 47.244, 90],
		[163, "PAD42_21", 848.942, -1376.923, "T", "DIP", "PIN6", "", "C", 70.866, 70.866, 47.244, 47.244, 90],
		[164, "PAD42_21", 848.942, -1376.923, "B", "DIP", "PIN6", "", "C", 70.866, 70.866, 47.244, 47.244, 90],
		[165, "PAD43_22", 748.942, -1376.923, "T", "DIP", "PIN15", "", "C", 70.866, 70.866, 47.244, 47.244, 90],
		[166, "PAD43_22", 748.942, -1376.923, "B", "DIP", "PIN15", "", "C", 70.866, 70.866, 47.244, 47.244, 90],
		[167, "PAD44_23", 648.942, -1376.923, "T", "DIP", "PIN10", "", "C", 70.866, 70.866, 47.244, 47.244, 90],
		[168, "PAD44_23", 648.942, -1376.923, "B", "DIP", "PIN10", "", "C", 70.866, 70.866, 47.244, 47.244, 90]
	]
}
}